{"val_loss_end": 0.7435981539599532, "val_acc_end": 0.7654166666666666, "test_loss_end": 0.7560233334770801, "test_acc_end": 0.7541111111111111, "epoch": 10, "_runtime": 431, "_timestamp": 1616023421, "_step": 6600, "loss": 0.7240912247210487, "accuracy": 0.7712380952380953, "val_loss": 0.7269721936906759, "val_accuracy": 0.7651666666666667}