{"step": 9, "loss:": 0.7120244611294503, "accuracy": 0.6230952380952381, "val_loss": 0.7141976708797192, "val_accuracy": 0.6218333333333333, "_runtime": 668, "_timestamp": 1616072610, "_step": 10, "val_loss_end": 0.7417627152631159, "val_acc_end": 0.6318333333333334, "test_loss_end": 0.7626730721047904, "test_acc_end": 0.6211111111111111, "epoch": 10}