{"step": 5, "loss:": 0.8188476702793543, "accuracy": 0.42714285714285716, "val_loss": 0.8194294033672529, "val_accuracy": 0.4265833333333333, "_runtime": 209, "_timestamp": 1616060961, "_step": 5}