{"val_loss_end": 0.9737816619279094, "val_acc_end": 0.5826666666666667, "test_loss_end": 0.9785531894679868, "test_acc_end": 0.5743333333333334, "epoch": 10, "_runtime": 442, "_timestamp": 1616016898, "_step": 6600, "loss": 0.7270788699798335, "accuracy": 0.5823333333333334, "val_loss": 0.7291183424094874, "val_accuracy": 0.5831666666666667}