{"step": 9, "loss:": 0.7342452659004601, "accuracy": 0.6672857142857143, "val_loss": 0.7362803185825161, "val_accuracy": 0.6670833333333334, "_runtime": 456, "_timestamp": 1616076434, "_step": 10, "val_loss_end": 0.9261072092159085, "val_acc_end": 0.6725, "test_loss_end": 0.9300753747237958, "test_acc_end": 0.6653333333333333, "epoch": 10}