{"val_loss_end": 1.1760236205512775, "val_acc_end": 0.4856666666666667, "test_loss_end": 1.179883470997195, "test_acc_end": 0.4801111111111111, "epoch": 10, "_runtime": 384, "_timestamp": 1616013391, "_step": 6600, "loss": 0.7561827732892141, "accuracy": 0.4866190476190476, "val_loss": 0.7577407921482401, "val_accuracy": 0.4855833333333333}