{"step": 9, "loss:": 0.6934861725901723, "accuracy": 0.8559523809523809, "val_loss": 0.6985549921568638, "val_accuracy": 0.8369166666666666, "_runtime": 458, "_timestamp": 1616074301, "_step": 10, "val_loss_end": 0.40592863939298435, "val_acc_end": 0.8439166666666666, "test_loss_end": 0.4239281813680738, "test_acc_end": 0.8348888888888889, "epoch": 10}