{"step": 9, "loss:": 0.6963722492509313, "accuracy": 0.8452380952380952, "val_loss": 0.7021033707617753, "val_accuracy": 0.8253333333333334, "_runtime": 373, "_timestamp": 1616072991, "_step": 10, "val_loss_end": 0.44906367966816835, "val_acc_end": 0.8296666666666667, "test_loss_end": 0.4596571131847208, "test_acc_end": 0.8274444444444444, "epoch": 10}