{"val_loss_end": 0.5990780085393868, "val_acc_end": 0.74025, "test_loss_end": 0.6233464508662977, "test_acc_end": 0.7271111111111112, "epoch": 10, "_runtime": 728, "_timestamp": 1616025718, "_step": 6600, "loss": 0.7230215499223264, "accuracy": 0.7444285714285714, "val_loss": 0.7270890997212315, "val_accuracy": 0.7398333333333333}