{"step": 9, "loss:": 0.7402222394050655, "accuracy": 0.654952380952381, "val_loss": 0.7432533202595937, "val_accuracy": 0.6469166666666667, "_runtime": 499, "_timestamp": 1616062348, "_step": 10, "val_loss_end": 0.7991701422667861, "val_acc_end": 0.6520833333333333, "test_loss_end": 0.806265220153813, "test_acc_end": 0.6468888888888888, "epoch": 10}