{"step": 49, "loss:": 0.7085863110382165, "accuracy": 0.8015714285714286, "val_loss": 0.7123582735388346, "val_accuracy": 0.7923333333333333, "_runtime": 2348, "_timestamp": 1616115155, "_step": 50, "val_loss_end": 0.5842906393347432, "val_acc_end": 0.7926666666666666, "test_loss_end": 0.6020808814147877, "test_acc_end": 0.7836666666666666, "epoch": 50}