{"step": 49, "loss:": 0.7358694371318281, "accuracy": 0.6190476190476191, "val_loss": 0.7401929721604494, "val_accuracy": 0.61275, "_runtime": 1973, "_timestamp": 1616080634, "_step": 50, "val_loss_end": 0.8363903840413902, "val_acc_end": 0.6150833333333333, "test_loss_end": 0.8580638342876347, "test_acc_end": 0.6085555555555555, "epoch": 50}