{"val_loss_end": 0.8985769697208797, "val_acc_end": 0.6456666666666667, "test_loss_end": 0.8960583398662764, "test_acc_end": 0.6406666666666667, "epoch": 10, "_runtime": 465, "_timestamp": 1616034125, "_step": 50, "loss": 0.7498252408192744, "accuracy": 0.6462380952380953, "val_loss": 0.7520037847689647, "val_accuracy": 0.6440833333333333, "step": 9}