{"step": 2, "loss:": 1791.579851650172, "accuracy": 554.6, "val_loss": 1025.3805944133142, "val_accuracy": 310.6, "_runtime": 94, "_timestamp": 1616059866, "_step": 2}