{"val_loss_end": 0.46173694849017555, "val_acc_end": 0.8330833333333333, "test_loss_end": 0.4748656672887985, "test_acc_end": 0.8234444444444444, "epoch": 10, "_runtime": 762, "_timestamp": 1616022963, "_step": 6600, "loss": 0.6954308148420204, "accuracy": 0.8528095238095238, "val_loss": 0.6998917659815332, "val_accuracy": 0.8365833333333333}