{"val_loss_end": 1.0660392158308263, "val_acc_end": 0.64175, "test_loss_end": 1.0709881770288217, "test_acc_end": 0.6337777777777778, "epoch": 10, "_runtime": 490, "_timestamp": 1616014456, "_step": 6600, "loss": 0.7394965716519856, "accuracy": 0.6426190476190476, "val_loss": 0.7411173588829949, "val_accuracy": 0.64175}