{"val_loss_end": 0.7986064312020773, "val_acc_end": 0.507, "test_loss_end": 0.7907919548367176, "test_acc_end": 0.5061111111111111, "epoch": 10, "_runtime": 649, "_timestamp": 1616009313, "_step": 6600, "loss": 0.7853882499550082, "accuracy": 0.5146666666666667, "val_loss": 0.7891483174343384, "val_accuracy": 0.5068333333333334}