{"step": 9, "loss:": 0.7319911154517617, "accuracy": 0.6412380952380953, "val_loss": 0.7368296755320846, "val_accuracy": 0.6235, "_runtime": 584, "_timestamp": 1616077945, "_step": 10, "val_loss_end": 0.7134990155547091, "val_acc_end": 0.629, "test_loss_end": 0.7267961865761424, "test_acc_end": 0.625, "epoch": 10}