{"step": 9, "loss:": 0.6995970269480145, "accuracy": 0.7971428571428572, "val_loss": 0.7042184209736053, "val_accuracy": 0.7829166666666667, "_runtime": 374, "_timestamp": 1616073372, "_step": 10, "val_loss_end": 0.5674629110968169, "val_acc_end": 0.8005, "test_loss_end": 0.5814367591105507, "test_acc_end": 0.7907777777777778, "epoch": 10}