{"step": 9, "loss:": 0.7258957195258294, "accuracy": 0.7637142857142857, "val_loss": 0.7286693265823562, "val_accuracy": 0.7528333333333334, "_runtime": 366, "_timestamp": 1616075971, "_step": 10, "val_loss_end": 0.6818979520950378, "val_acc_end": 0.7580833333333333, "test_loss_end": 0.6860530642860668, "test_acc_end": 0.7544444444444445, "epoch": 10}