{"step": 9, "loss:": 0.7114388633506326, "accuracy": 0.7992857142857143, "val_loss": 0.7151135330074129, "val_accuracy": 0.7856666666666666, "_runtime": 384, "_timestamp": 1616070968, "_step": 10, "val_loss_end": 0.6163318429512996, "val_acc_end": 0.7908333333333334, "test_loss_end": 0.6338622312635724, "test_acc_end": 0.7884444444444444, "epoch": 10}