{"step": 5, "loss:": 0.8138956974797734, "accuracy": 0.36938095238095237, "val_loss": 0.8145308689277083, "val_accuracy": 0.3665, "_runtime": 205, "_timestamp": 1616060123, "_step": 5}