{"step": 49, "loss:": 0.6951867679441857, "accuracy": 0.8408095238095238, "val_loss": 0.702957591174666, "val_accuracy": 0.82075, "_runtime": 3603, "_timestamp": 1616105610, "_step": 50, "val_loss_end": 0.47953812410207913, "val_acc_end": 0.8211666666666667, "test_loss_end": 0.4927857555069693, "test_acc_end": 0.8181111111111111, "epoch": 50}