{"step": 9, "loss:": 0.7274399612154874, "accuracy": 0.5570952380952381, "val_loss": 0.7291503274312006, "val_accuracy": 0.5558333333333333, "_runtime": 460, "_timestamp": 1616062815, "_step": 10, "val_loss_end": 0.9385507053830353, "val_acc_end": 0.5600833333333334, "test_loss_end": 0.947316553925432, "test_acc_end": 0.5518888888888889, "epoch": 10}