{"step": 9, "loss:": 0.7350838822200864, "accuracy": 0.4727142857142857, "val_loss": 0.7365276402548032, "val_accuracy": 0.47458333333333336, "_runtime": 359, "_timestamp": 1616061842, "_step": 10, "val_loss_end": 1.0698118829606904, "val_acc_end": 0.46975, "test_loss_end": 1.0754366876838377, "test_acc_end": 0.46444444444444444, "epoch": 10}