{"step": 49, "loss:": 0.7138271615605135, "accuracy": 0.5284761904761904, "val_loss": 0.7175563838093114, "val_accuracy": 0.5256666666666666, "_runtime": 1995, "_timestamp": 1616097539, "_step": 50, "val_loss_end": 0.8068477859286357, "val_acc_end": 0.5270833333333333, "test_loss_end": 0.8259981410057414, "test_acc_end": 0.5166666666666667, "epoch": 50}