{"step": 9, "loss:": 0.7567213710498712, "accuracy": 0.627, "val_loss": 0.7586436975430677, "val_accuracy": 0.6274166666666666, "_runtime": 311, "_timestamp": 1616070268, "_step": 10, "val_loss_end": 0.7550182178926809, "val_acc_end": 0.635, "test_loss_end": 0.7696106286641982, "test_acc_end": 0.6262222222222222, "epoch": 10}