{"step": 9, "loss:": 0.7042508594036645, "accuracy": 0.8239047619047619, "val_loss": 0.7100263013181947, "val_accuracy": 0.80425, "_runtime": 629, "_timestamp": 1616074935, "_step": 10, "val_loss_end": 0.45114015413756714, "val_acc_end": 0.8018333333333333, "test_loss_end": 0.44923050774232176, "test_acc_end": 0.7972222222222223, "epoch": 10}