{"val_loss_end": 1.9586306404698188, "val_acc_end": 0.13216666666666665, "test_loss_end": 1.9538107322721714, "test_acc_end": 0.13066666666666665, "epoch": 5, "_runtime": 282, "_timestamp": 1616045187, "_step": 25, "loss": 0.7964381618464803, "accuracy": 0.12714285714285714, "val_loss": 0.7989598720794987, "val_accuracy": 0.12491666666666666, "step": 4}