{"step": 9, "loss:": 0.7498263290651827, "accuracy": 0.690952380952381, "val_loss": 0.7520948358362664, "val_accuracy": 0.68525, "_runtime": 391, "_timestamp": 1616067592, "_step": 10, "val_loss_end": 1.0126782952580597, "val_acc_end": 0.6898333333333333, "test_loss_end": 1.0164943749524662, "test_acc_end": 0.6815555555555556, "epoch": 10}