{"val_loss_end": 0.6880535365514208, "val_acc_end": 0.6694166666666667, "test_loss_end": 0.7040510371883306, "test_acc_end": 0.6675555555555556, "epoch": 10, "_runtime": 631, "_timestamp": 1616043398, "_step": 5, "loss": [0.918145744282255, 0.799213614283753, 0.7824061141678252, 0.773560610181004, 0.7662838660984368, 0.7616214323824632, 0.7584677100982918, 0.7557687964534812, 0.7535324146926743, 0.7517637598405121], "accuracy": [0.03780952380952381, 0.5450952380952381, 0.5983809523809523, 0.6241904761904762, 0.6404285714285715, 0.6524285714285715, 0.6618571428571428, 0.6689047619047619, 0.6739047619047619, 0.6788095238095239], "val_loss": [0.9171443931385808, 0.8006680698128799, 0.7842954678478286, 0.7759056416412964, 0.7690359506569894, 0.7645571400554071, 0.7614613231903195, 0.7587071527239224, 0.7564898325151672, 0.7547743804980832], "val_accuracy": [0.03808333333333333, 0.538, 0.5885833333333333, 0.6145833333333334, 0.6305, 0.6406666666666667, 0.6503333333333333, 0.65725, 0.6605833333333333, 0.6655], "step": [0, 1, 2, 3, 4, 5, 6, 7, 8, 9]}