{"step": 10, "loss:": 0.724503441091209, "accuracy": 0.594, "val_loss": 0.7260914094272501, "val_accuracy": 0.5949166666666666, "_runtime": 720, "_timestamp": 1616121729, "_step": 10}