{"step": 49, "loss:": 0.7492264617912879, "accuracy": 0.21342857142857144, "val_loss": 0.753908308448264, "val_accuracy": 0.21233333333333335, "_runtime": 2014, "_timestamp": 1616099560, "_step": 50, "val_loss_end": 1.4261966639252883, "val_acc_end": 0.21325, "test_loss_end": 1.4314443586675947, "test_acc_end": 0.21355555555555555, "epoch": 50}