{"step": 9, "loss:": 0.7339034890183548, "accuracy": 0.5777619047619048, "val_loss": 0.7358050403462071, "val_accuracy": 0.57925, "_runtime": 305, "_timestamp": 1616070578, "_step": 10, "val_loss_end": 1.0158696845463837, "val_acc_end": 0.5815833333333333, "test_loss_end": 1.0212671093311145, "test_acc_end": 0.5734444444444444, "epoch": 10}