{"step": 49, "loss:": 0.742972641192696, "accuracy": 0.6463333333333333, "val_loss": 0.7478400579686642, "val_accuracy": 0.6404166666666666, "_runtime": 1992, "_timestamp": 1616084620, "_step": 50, "val_loss_end": 0.6819427509687299, "val_acc_end": 0.6420833333333333, "test_loss_end": 0.7065728394181711, "test_acc_end": 0.6346666666666667, "epoch": 50}