{"step": 9, "loss:": 0.7190000804932711, "accuracy": 0.7632857142857142, "val_loss": 0.7223837238936417, "val_accuracy": 0.7521666666666667, "_runtime": 716, "_timestamp": 1616066478, "_step": 10, "val_loss_end": 0.7208981515136813, "val_acc_end": 0.7576666666666667, "test_loss_end": 0.7267444387043719, "test_acc_end": 0.7487777777777778, "epoch": 10}