{"step": 49, "loss:": 0.7124076354931971, "accuracy": 0.6627142857142857, "val_loss": 0.7159857659432787, "val_accuracy": 0.6584166666666667, "_runtime": 3261, "_timestamp": 1616093650, "_step": 50, "val_loss_end": 0.7820569087717416, "val_acc_end": 0.6621666666666667, "test_loss_end": 0.8021600844183253, "test_acc_end": 0.6503333333333333, "epoch": 50}