{"step": 9, "loss:": 0.740874244352667, "accuracy": 0.5515238095238095, "val_loss": 0.7424113081504536, "val_accuracy": 0.5521666666666667, "_runtime": 381, "_timestamp": 1616068779, "_step": 10, "val_loss_end": 1.0856063683553097, "val_acc_end": 0.5614166666666667, "test_loss_end": 1.090660076727812, "test_acc_end": 0.5537777777777778, "epoch": 10}