{"step": 9, "loss:": 0.7169121202381394, "accuracy": 0.7509523809523809, "val_loss": 0.7220562985384227, "val_accuracy": 0.73575, "_runtime": 459, "_timestamp": 1616073836, "_step": 10, "val_loss_end": 0.4943770005176203, "val_acc_end": 0.8124166666666667, "test_loss_end": 0.5137984951962772, "test_acc_end": 0.8097777777777778, "epoch": 10}