{"val_loss_end": 0.8659044712909774, "val_acc_end": 0.6269166666666667, "test_loss_end": 0.8762151066841923, "test_acc_end": 0.612, "epoch": 10, "_runtime": 513, "_timestamp": 1616024971, "_step": 6600, "loss": 0.7223023180744697, "accuracy": 0.6243333333333333, "val_loss": 0.724248729063541, "val_accuracy": 0.6275833333333334}