{"step": 9, "loss:": 0.7323060489800112, "accuracy": 0.7256666666666667, "val_loss": 0.7354890692654502, "val_accuracy": 0.71125, "_runtime": 452, "_timestamp": 1616061478, "_step": 10, "val_loss_end": 0.8995656992803588, "val_acc_end": 0.7160833333333333, "test_loss_end": 0.9006404418205042, "test_acc_end": 0.7194444444444444, "epoch": 10}