{"val_loss_end": 0.9163403599592812, "val_acc_end": 0.7148333333333333, "test_loss_end": 0.9328625050266154, "test_acc_end": 0.7037777777777777, "epoch": 10, "_runtime": 322, "_timestamp": 1616010314, "_step": 6600, "loss": 0.7331452426322699, "accuracy": 0.7199047619047619, "val_loss": 0.7352966899321952, "val_accuracy": 0.71475}