{"val_loss_end": 0.9123952269204225, "val_acc_end": 0.6240833333333333, "test_loss_end": 0.9221380695063148, "test_acc_end": 0.6181111111111111, "epoch": 10, "_runtime": 596, "_timestamp": 1616009971, "_step": 6600, "loss": 0.7240134515722473, "accuracy": 0.6293809523809524, "val_loss": 0.7258931355411522, "val_accuracy": 0.6231666666666666}