{"step": 9, "loss:": 0.7201355335780866, "accuracy": 0.7095714285714285, "val_loss": 0.7218583959168984, "val_accuracy": 0.7058333333333333, "_runtime": 584, "_timestamp": 1616069952, "_step": 10, "val_loss_end": 0.7728175548445685, "val_acc_end": 0.7141666666666666, "test_loss_end": 0.7860180461863626, "test_acc_end": 0.7098888888888889, "epoch": 10}