{"step": 9, "loss:": 0.7285127667216748, "accuracy": 0.5371904761904762, "val_loss": 0.7305907109440304, "val_accuracy": 0.5340833333333334, "_runtime": 392, "_timestamp": 1616077356, "_step": 10, "val_loss_end": 0.9442825910310777, "val_acc_end": 0.54725, "test_loss_end": 0.953950943888182, "test_acc_end": 0.5374444444444444, "epoch": 10}