{"val_loss_end": 0.7758401131191179, "val_acc_end": 0.6420833333333333, "test_loss_end": 0.7938482314633281, "test_acc_end": 0.6293333333333333, "epoch": 10, "_runtime": 805, "_timestamp": 1616019155, "_step": 6600, "loss": 0.7128409992959888, "accuracy": 0.6422380952380953, "val_loss": 0.7153838782251049, "val_accuracy": 0.6418333333333334}