{"step": 9, "loss:": 0.7820897881399435, "accuracy": 0.5210476190476191, "val_loss": 0.7840071648352379, "val_accuracy": 0.5095, "_runtime": 327, "_timestamp": 1616064474, "_step": 10, "val_loss_end": 0.9176662497684049, "val_acc_end": 0.6716666666666666, "test_loss_end": 0.9373241876840853, "test_acc_end": 0.6674444444444444, "epoch": 10}