{"val_loss_end": 1.0736872608603798, "val_acc_end": 0.52375, "test_loss_end": 1.0786375500126117, "test_acc_end": 0.5162222222222222, "epoch": 10, "_runtime": 321, "_timestamp": 1616010646, "_step": 6600, "loss": 0.7340721922983066, "accuracy": 0.5212380952380953, "val_loss": 0.7355478059426521, "val_accuracy": 0.5231666666666667}