{"step": 0, "loss:": 2.6540800625798946, "accuracy": 0.15466666666666667, "val_loss": 2.6527690954883547, "val_accuracy": 0.15875, "_runtime": 448, "_timestamp": 1616190256, "_step": 2, "val_loss_end": 0.5788224338123946, "val_acc_end": 0.6480833333333333, "test_loss_end": 0.5777580531619249, "test_acc_end": 0.6492222222222223, "epoch": 1, "conf_mat_table": {"_type": "table-file", "path": "media/table/conf_mat_table_2_0e0e9c6b.table.json", "sha256": "0e0e9c6ba227bf67d2c15ea672c2cc99f1875ee0692f2dfc934db548752d40d1", "size": 2936, "ncols": 3, "nrows": 100}}