{"val_loss_end": 0.8946431176060293, "val_acc_end": 0.7106666666666667, "test_loss_end": 0.9080775938946579, "test_acc_end": 0.7048888888888889, "epoch": 10, "_runtime": 541, "_timestamp": 1616013951, "_step": 6600, "loss": 0.7297955413563212, "accuracy": 0.7142380952380952, "val_loss": 0.7324525050342833, "val_accuracy": 0.7105}