{"step": 49, "loss:": 0.7202524319020885, "accuracy": 0.7543333333333333, "val_loss": 0.7247906727618509, "val_accuracy": 0.74875, "_runtime": 3450, "_timestamp": 1616120992, "_step": 50, "val_loss_end": 0.5532049271465842, "val_acc_end": 0.7495, "test_loss_end": 0.5782111032863925, "test_acc_end": 0.7368888888888889, "epoch": 50}