{"step": 49, "loss:": 0.7123177761557831, "accuracy": 0.6015238095238096, "val_loss": 0.7162190491587873, "val_accuracy": 0.5995, "_runtime": 2154, "_timestamp": 1616086781, "_step": 50, "val_loss_end": 0.7770764091967874, "val_acc_end": 0.6016666666666667, "test_loss_end": 0.794165746802462, "test_acc_end": 0.5863333333333334, "epoch": 50}