{"step": 9, "loss:": 0.6906174156428929, "accuracy": 0.8579523809523809, "val_loss": 0.6957244867568941, "val_accuracy": 0.8373333333333334, "_runtime": 660, "_timestamp": 1616075600, "_step": 10, "val_loss_end": 0.4092819685865862, "val_acc_end": 0.8385, "test_loss_end": 0.42216364767722403, "test_acc_end": 0.8365555555555556, "epoch": 10}