{"val_loss_end": 0.8320685944564041, "val_acc_end": 0.68, "test_loss_end": 0.8439980282727273, "test_acc_end": 0.6757777777777778, "epoch": 10, "_runtime": 420, "_timestamp": 1616016419, "_step": 6600, "loss": 0.7259093866888029, "accuracy": 0.695047619047619, "val_loss": 0.7285886082747318, "val_accuracy": 0.6803333333333333}