{"val_loss_end": 0.4858089652917025, "val_acc_end": 0.82125, "test_loss_end": 0.5046896210507753, "test_acc_end": 0.816, "epoch": 10, "_runtime": 426, "_timestamp": 1616019627, "_step": 6600, "loss": 0.694954602327663, "accuracy": 0.840047619047619, "val_loss": 0.7006871054834882, "val_accuracy": 0.8205}