{"step": 49, "loss:": 0.1388718426591248, "accuracy": 0.9130952380952381, "val_loss": 0.1879487699274031, "val_accuracy": 0.8730833333333333, "_runtime": 2338, "_timestamp": 1616188372, "_step": 50, "val_loss_end": 0.18779296179658964, "val_acc_end": 0.8728333333333333, "test_loss_end": 0.20501008325950232, "test_acc_end": 0.8615555555555555, "epoch": 50}