{"val_loss_end": 0.7787577715710376, "val_acc_end": 0.6893333333333334, "test_loss_end": 0.7842474324861209, "test_acc_end": 0.6864444444444444, "epoch": 10, "_runtime": 746, "_timestamp": 1616015220, "_step": 6600, "loss": 0.7198386963448546, "accuracy": 0.6957142857142857, "val_loss": 0.7241615769367402, "val_accuracy": 0.6894166666666667}