{"step": 49, "loss:": 0.1361590220891276, "accuracy": 0.9136190476190477, "val_loss": 0.18395629689315582, "val_accuracy": 0.8748333333333334, "_runtime": 1998, "_timestamp": 1616185226, "_step": 50, "val_loss_end": 0.18384922159436293, "val_acc_end": 0.8746666666666667, "test_loss_end": 0.20305669612542726, "test_acc_end": 0.8632222222222222, "epoch": 50}