{"step": 49, "loss:": 0.7369564400100921, "accuracy": 0.47519047619047616, "val_loss": 0.7391242747119899, "val_accuracy": 0.4731666666666667, "_runtime": 1901, "_timestamp": 1616112795, "_step": 50, "val_loss_end": 1.0670638755730528, "val_acc_end": 0.473, "test_loss_end": 1.0707326717324799, "test_acc_end": 0.4656666666666667, "epoch": 50}