{"step": 9, "loss:": 0.7350416199414392, "accuracy": 0.4647142857142857, "val_loss": 0.736516012881191, "val_accuracy": 0.4646666666666667, "_runtime": 320, "_timestamp": 1616064803, "_step": 10, "val_loss_end": 1.0709781150751132, "val_acc_end": 0.4638333333333333, "test_loss_end": 1.0777118997365145, "test_acc_end": 0.46011111111111114, "epoch": 10}