{"step": 9, "loss:": 0.7030456122672359, "accuracy": 0.8118095238095238, "val_loss": 0.7084270789127092, "val_accuracy": 0.7976666666666666, "_runtime": 578, "_timestamp": 1616071935, "_step": 10, "val_loss_end": 0.5284321946233382, "val_acc_end": 0.8030833333333334, "test_loss_end": 0.5427362828686362, "test_acc_end": 0.8011111111111111, "epoch": 10}