{"step": 0, "loss:": 2.764605606058774, "accuracy": 0.06471428571428571, "val_loss": 2.7648846977194377, "val_accuracy": 0.06833333333333333, "_runtime": 60, "_timestamp": 1616188705, "_step": 1, "val_loss_end": 0.5846370583648283, "val_acc_end": 0.6601666666666667, "test_loss_end": 0.583655494344851, "test_acc_end": 0.6608888888888889, "epoch": 1}