{"step": 9, "loss:": 0.7320002682477594, "accuracy": 0.4827142857142857, "val_loss": 0.7334162010130554, "val_accuracy": 0.4826666666666667, "_runtime": 492, "_timestamp": 1616065752, "_step": 10, "val_loss_end": 1.034457876025697, "val_acc_end": 0.48575, "test_loss_end": 1.0441525590743637, "test_acc_end": 0.48055555555555557, "epoch": 10}