{"val_loss_end": 0.7723359781906253, "val_acc_end": 0.7029166666666666, "test_loss_end": 0.7848992177167194, "test_acc_end": 0.6942222222222222, "epoch": 10, "_runtime": 566, "_timestamp": 1616044554, "_step": 50, "loss": 0.7240836512991409, "accuracy": 0.7090952380952381, "val_loss": 0.726897708223736, "val_accuracy": 0.7001666666666667, "step": 9}