{"val_loss_end": 0.570806292666065, "val_acc_end": 0.8018333333333333, "test_loss_end": 0.5917903213207183, "test_acc_end": 0.7874444444444444, "epoch": 50, "_runtime": 2165, "_timestamp": 1616028712, "_step": 33000, "loss": 0.7048456634317132, "accuracy": 0.8153809523809524, "val_loss": 0.7096685175107541, "val_accuracy": 0.8020833333333334}