{"step": 9, "loss:": 0.7204995884873763, "accuracy": 0.6911428571428572, "val_loss": 0.7227789984161701, "val_accuracy": 0.6870833333333334, "_runtime": 379, "_timestamp": 1616071352, "_step": 10, "val_loss_end": 0.8640347269866224, "val_acc_end": 0.7143333333333334, "test_loss_end": 0.8738777234740476, "test_acc_end": 0.7022222222222222, "epoch": 10}