{"step": 9, "loss:": 0.8125596524665842, "accuracy": 0.22414285714285714, "val_loss": 0.8134758107237877, "val_accuracy": 0.22616666666666665, "_runtime": 350, "_timestamp": 1616060747, "_step": 10, "val_loss_end": 2.2059650817258936, "val_acc_end": 0.25733333333333336, "test_loss_end": 2.20505190320908, "test_acc_end": 0.25766666666666665, "epoch": 10}