{"val_loss_end": 1.0740023280960669, "val_acc_end": 0.47075, "test_loss_end": 1.0788727869897798, "test_acc_end": 0.46455555555555555, "epoch": 10, "_runtime": 327, "_timestamp": 1616007801, "_step": 6600, "loss": 0.7343782920075034, "accuracy": 0.47204761904761905, "val_loss": 0.7357232127535246, "val_accuracy": 0.4706666666666667}