{"val_loss_end": 0.6864631854535439, "val_acc_end": 0.7505833333333334, "test_loss_end": 0.7021624801747414, "test_acc_end": 0.7408888888888889, "epoch": 10, "_runtime": 505, "_timestamp": 1616024430, "_step": 6600, "loss": 0.7158738080121047, "accuracy": 0.7626190476190476, "val_loss": 0.7197077056820179, "val_accuracy": 0.7505833333333334}