{"step": 9, "loss:": 0.7306781941115791, "accuracy": 0.5300476190476191, "val_loss": 0.7321806465356386, "val_accuracy": 0.5339166666666667, "_runtime": 626, "_timestamp": 1616064140, "_step": 10, "val_loss_end": 1.0130128746342741, "val_acc_end": 0.5378333333333334, "test_loss_end": 1.0242792685377815, "test_acc_end": 0.5263333333333333, "epoch": 10}