{"val_loss_end": 0.5113320055422728, "val_acc_end": 0.65325, "test_loss_end": 0.5134778246450333, "test_acc_end": 0.6535555555555556, "epoch": 10, "_runtime": 754, "_timestamp": 1616022180, "_step": 6600, "loss": 0.7445391960138107, "accuracy": 0.666047619047619, "val_loss": 0.7490816900859772, "val_accuracy": 0.6534166666666666}