{"step": 49, "loss:": 0.725043312613692, "accuracy": 0.7195714285714285, "val_loss": 0.7277515791641705, "val_accuracy": 0.7101666666666666, "_runtime": 1877, "_timestamp": 1616110881, "_step": 50, "val_loss_end": 0.7991194025359979, "val_acc_end": 0.7113333333333334, "test_loss_end": 0.8174309686000192, "test_acc_end": 0.7081111111111111, "epoch": 50}