{"val_loss_end": 0.8915489757519948, "val_acc_end": 0.6303333333333333, "test_loss_end": 0.9022905750071295, "test_acc_end": 0.6154444444444445, "epoch": 10, "_runtime": 747, "_timestamp": 1616015983, "_step": 6600, "loss": 0.7241616743399026, "accuracy": 0.6251428571428571, "val_loss": 0.7257791146673883, "val_accuracy": 0.6301666666666667}