{"val_loss_end": 0.4448192871813097, "val_acc_end": 0.8240833333333333, "test_loss_end": 0.4618708077798249, "test_acc_end": 0.821, "epoch": 10, "_runtime": 501, "_timestamp": 1616021402, "_step": 6600, "loss": 0.6948276356789601, "accuracy": 0.8511428571428571, "val_loss": 0.699573640600395, "val_accuracy": 0.8255833333333333}