{"val_loss_end": 0.9685021124889321, "val_acc_end": 0.5881666666666666, "test_loss_end": 0.9730462283621916, "test_acc_end": 0.5781111111111111, "epoch": 10, "_runtime": 476, "_timestamp": 1616023913, "_step": 6600, "loss": 0.7347967232919023, "accuracy": 0.5879047619047619, "val_loss": 0.7367000314706096, "val_accuracy": 0.588}