{"val_loss_end": 0.9633284321849244, "val_acc_end": 0.6591666666666667, "test_loss_end": 0.9728230328503708, "test_acc_end": 0.6423333333333333, "epoch": 10, "_runtime": 402, "_timestamp": 1616011061, "_step": 6600, "loss": 0.7323002752793413, "accuracy": 0.6590952380952381, "val_loss": 0.7348092065785604, "val_accuracy": 0.6589166666666667}