{"val_loss_end": 0.7378102955773561, "val_acc_end": 0.6625, "test_loss_end": 0.7582270254238078, "test_acc_end": 0.6485555555555556, "epoch": 10, "_runtime": 799, "_timestamp": 1616026528, "_step": 6600, "loss": 0.7128066319967343, "accuracy": 0.6629047619047619, "val_loss": 0.7151966663801979, "val_accuracy": 0.6628333333333334}