{"val_loss_end": 0.5605213244555053, "val_acc_end": 0.8060833333333334, "test_loss_end": 0.5745376599333664, "test_acc_end": 0.8032222222222222, "epoch": 10, "_runtime": 798, "_timestamp": 1616018299, "_step": 6600, "loss": 0.7025792159737893, "accuracy": 0.8266666666666667, "val_loss": 0.7081618939821577, "val_accuracy": 0.80575}