{"step": 9, "loss:": 0.7231027245615729, "accuracy": 0.7514761904761905, "val_loss": 0.7263880571708294, "val_accuracy": 0.74175, "_runtime": 447, "_timestamp": 1616065255, "_step": 10, "val_loss_end": 0.7276959873548543, "val_acc_end": 0.7444166666666666, "test_loss_end": 0.7412678061028228, "test_acc_end": 0.7343333333333333, "epoch": 10}