{"val_loss_end": 1.0260456702399166, "val_acc_end": 0.51175, "test_loss_end": 1.0365386129240937, "test_acc_end": 0.5031111111111111, "epoch": 10, "_runtime": 399, "_timestamp": 1616011473, "_step": 6600, "loss": 0.7307199085058603, "accuracy": 0.5092857142857142, "val_loss": 0.7321368425624052, "val_accuracy": 0.5111666666666667}