{"val_loss_end": 1.8099659784824615, "val_acc_end": 0.3144166666666667, "test_loss_end": 1.821734885995665, "test_acc_end": 0.30922222222222223, "epoch": 10, "_runtime": 504, "_timestamp": 1616045705, "_step": 50, "loss": 0.7692621271643779, "accuracy": 0.23038095238095238, "val_loss": 0.7714436643364049, "val_accuracy": 0.23616666666666666, "step": 9}