{"step": 9, "loss:": 0.7660019369914067, "accuracy": 0.5637619047619048, "val_loss": 0.7674750591958799, "val_accuracy": 0.5645833333333333, "_runtime": 393, "_timestamp": 1616067993, "_step": 10, "val_loss_end": 1.358537881791976, "val_acc_end": 0.5688333333333333, "test_loss_end": 1.3684271782932242, "test_acc_end": 0.5603333333333333, "epoch": 10}