{"val_loss_end": 0.9712141790525316, "val_acc_end": 0.6684166666666667, "test_loss_end": 0.9812736898191734, "test_acc_end": 0.6633333333333333, "epoch": 5, "_runtime": 265, "_timestamp": 1616043982, "_step": 25, "loss": 0.7392263278253238, "accuracy": 0.6634761904761904, "val_loss": 0.7416099760035156, "val_accuracy": 0.6569166666666667, "step": 4}