{"val_loss_end": 0.9658831518080083, "val_acc_end": 0.5035, "test_loss_end": 0.9763575072516514, "test_acc_end": 0.49422222222222223, "epoch": 10, "_runtime": 519, "_timestamp": 1616017477, "_step": 6600, "loss": 0.7246801205212736, "accuracy": 0.5059047619047619, "val_loss": 0.7266324233325715, "val_accuracy": 0.5038333333333334}