{"val_loss_end": 0.7297515577701952, "val_acc_end": 0.7186666666666667, "test_loss_end": 0.7391918233234198, "test_acc_end": 0.7157777777777777, "epoch": 10, "_runtime": 412, "_timestamp": 1616008227, "_step": 6600, "loss": 0.7359390452645488, "accuracy": 0.7315238095238096, "val_loss": 0.7391461061103533, "val_accuracy": 0.71875}