{"val_loss_end": 0.7849232496902011, "val_acc_end": 0.5506666666666666, "test_loss_end": 0.7995586855793161, "test_acc_end": 0.5397777777777778, "epoch": 50, "_runtime": 2121, "_timestamp": 1616030895, "_step": 33000, "loss": 0.7137846574611556, "accuracy": 0.5522857142857143, "val_loss": 0.7176895286069755, "val_accuracy": 0.5506666666666666}