{"step": 49, "loss:": 0.7066881666319011, "accuracy": 0.7982380952380952, "val_loss": 0.7118272929852757, "val_accuracy": 0.7864166666666667, "_runtime": 1878, "_timestamp": 1616095537, "_step": 50, "val_loss_end": 0.6318837548158173, "val_acc_end": 0.7874166666666667, "test_loss_end": 0.6517529362645382, "test_acc_end": 0.7786666666666666, "epoch": 50}