{"val_loss_end": 0.9107102659227906, "val_acc_end": 0.6148333333333333, "test_loss_end": 0.9217325330084352, "test_acc_end": 0.6071111111111112, "epoch": 10, "_runtime": 578, "_timestamp": 1616012654, "_step": 6600, "loss": 0.7241230777852241, "accuracy": 0.6211428571428571, "val_loss": 0.7260599130449834, "val_accuracy": 0.61575}