{"step": 49, "loss:": 0.7710730773116985, "accuracy": 0.5657142857142857, "val_loss": 0.7761379825693908, "val_accuracy": 0.5550833333333334, "_runtime": 3592, "_timestamp": 1616090380, "_step": 50, "val_loss_end": 0.6278842048040302, "val_acc_end": 0.5553333333333333, "test_loss_end": 0.6341361989714451, "test_acc_end": 0.5548888888888889, "epoch": 50}