{"val_loss_end": 0.6229018798299267, "val_acc_end": 0.7355, "test_loss_end": 0.6325626173446256, "test_acc_end": 0.7327777777777778, "epoch": 10, "_runtime": 579, "_timestamp": 1616012064, "_step": 6600, "loss": 0.7273929735814095, "accuracy": 0.7465714285714286, "val_loss": 0.7313296542686223, "val_accuracy": 0.7355833333333334}